Names,Prices,Company Name,Reviews
"Metal Design OnePlus 13 (5G) Smartphone,?","69,999/Piece",Vianet,3.9
Voice Control By Song Pal For Android Phone,,Bharat Car Accessories,3
"OnePlus Nord 3 5G,?","33,999/Piece",Akshat Solanki,3.9
"Bar Black Realme Narzo 50i, Pan India,?","4,800/Piece",Tera Sath Cellular Private Limited,2.9
"Vivo Y91 Smart Phone, Screen Size: 6.22 Inch,?","8,490/Piece",Globalgalaxy,3.7
Samsung Smart Phones,,Birjes Solutions Private Limited,
Lava Z91E Smart Phone,,Siddharth Mobile Service Centre,
Smart Phones,,Suraj Technology,
Smart Phones,,Shriram Mobile Shopee,
Smart Phone,,Harshita Kollection,
Smart Phone,,Jayguru Electricals & Electronics,
Smart Phone,,Swaraj Enterprises,
"Smartphone Mobile,?","20,000/Piece",Fone Villa,
Smart Phone,,Aparna Watch Company,
Smart Phone,,Anand Mobile Market,
"Misty Green Slim OnePlus Nord 3 5G Mobile Phone, Pan India,?","35,000/Piece",Balaji Mobile And Accessories,3.7
Galaxy J7 NXT Mobile Phones,,Pinnacle Traders,5
Spark Vdeo Mobile Phones,,Shubhangi Communication,
Nothing Phone 3A 5G,,Ovee Mobiles And Electronics,
"Realme 7 (RAM 6 GB, 64 GB, Mist Blue),?","17,999/Piece",Khurana Sales,3
"Galaxyj5 Prime Mobile,?","14,790/Piece",Asmi Teleshopee,
Intex Elyt Dual,,Balaji Mobile Shopee,5
Lenovo A850 (Black),,Digital World Cellular Private Limited,5
Vivo V9 Mobile Phones,,India Mobile Zone,2.8
"Samsung Smart Phone,?","11,499/Piece",Krishna Mobile & Electronic,
LG Smartphones,,Modern Trading Company,
"Samsung Smart Phone,?","10,000/Piece",Rohini Electronices,3
Samsung J Smart Phone,,Shree Gajanan Mobile Shopee,
Micromax Evok Note Smart Phone,,Gayatri Sales,
Realme and Oppo Mobile Phone,,Kanishk Mobile Store,
Real Me Phones,,Bhakti Communication,
"Micromax 1b(price 9000),?","9,000/Piece",New Mahesh Mobile Shop,
Realme 9,,Tuba Mobile Store,
Galaxy J,,City Corporationlimited,
Vivo V17 Mobile Phone,,Gurukrupa Communications,4
"Lava Yuva Mobiles,?","9,499/Piece",Pritam Enterprises,
Samsung S25 Ultra,,Big Mobility,
Samsung Galaxy On Max,,Panchshil Enterprises,
Galaxy S8,,Sahara Mobile Shopee,
Samsung A2 Core,,Ramdev Mobile Shopee,4.2
One Plus,,Friends Electronics,
Samsung Galaxy S,,United Agencies,
"SAMSUNG Galaxy A14 5G,?","11,129/Piece",Spashal Technology Private Limited,3
Gold Samsung Galaxy,,Metro Mobile,4
Realme 8i Mobile,,B. K. Electronics,
Nokia Lumia 730 Dual,,RM Mobile Shoppee,5
110UB2G Samsung S20+ S20ultar laptop ic,,Sparefly,4.2
Realme 9. 4/64. 5G,,Varad Interprises,5
Samsung Galaxy J7 Duo,,Aquasecondhand Smartphones Private Limited,
Twilight Blue Oppo F9 Pro Smart Phone,,Vardhman Mobile Shopee,3.5
